{
	"format": "BeepBox",
	"version": 9,
	"scale": "expert",
	"key": "C",
	"introBars": 0,
	"loopBars": 6,
	"beatsPerBar": 8,
	"ticksPerBeat": 3,
	"beatsPerMinute": 120,
	"layeredInstruments": false,
	"patternInstruments": false,
	"channels": [
		{
			"type": "pitch",
			"instruments": [
				{
					"type": "FM",
					"volume": 80,
					"eqFilter": [],
					"preset": 778,
					"effects": [
						"note filter",
						"reverb"
					],
					"noteFilter": [
						{
							"type": "low-pass",
							"cutoffHz": 6727.17,
							"linearGain": 1
						}
					],
					"reverb": 33,
					"fadeInSeconds": 0.0263,
					"fadeOutTicks": -3,
					"algorithm": "1←(2 3←4)",
					"feedbackType": "1⟲",
					"feedbackAmplitude": 9,
					"operators": [
						{
							"frequency": "2×",
							"amplitude": 14
						},
						{
							"frequency": "1×",
							"amplitude": 15
						},
						{
							"frequency": "~2×",
							"amplitude": 2
						},
						{
							"frequency": "1×",
							"amplitude": 0
						}
					],
					"envelopes": [
						{
							"target": "noteFilterAllFreqs",
							"envelope": "swell 1"
						},
						{
							"target": "operatorAmplitude",
							"envelope": "twang 3",
							"index": 2
						},
						{
							"target": "feedbackAmplitude",
							"envelope": "tremolo5"
						}
					]
				}
			],
			"patterns": [
				{
					"notes": [
						{
							"pitches": [
								60
							],
							"points": [
								{
									"tick": 0,
									"pitchBend": 0,
									"volume": 100
								},
								{
									"tick": 3,
									"pitchBend": 0,
									"volume": 100
								}
							],
							"continuesLastPattern": false
						},
						{
							"pitches": [
								62
							],
							"points": [
								{
									"tick": 5,
									"pitchBend": 0,
									"volume": 100
								},
								{
									"tick": 6,
									"pitchBend": 0,
									"volume": 100
								}
							]
						},
						{
							"pitches": [
								60
							],
							"points": [
								{
									"tick": 6,
									"pitchBend": 0,
									"volume": 100
								},
								{
									"tick": 9,
									"pitchBend": 0,
									"volume": 100
								}
							]
						},
						{
							"pitches": [
								57
							],
							"points": [
								{
									"tick": 9,
									"pitchBend": 0,
									"volume": 100
								},
								{
									"tick": 12,
									"pitchBend": 0,
									"volume": 100
								}
							]
						},
						{
							"pitches": [
								55
							],
							"points": [
								{
									"tick": 12,
									"pitchBend": 0,
									"volume": 100
								},
								{
									"tick": 15,
									"pitchBend": 0,
									"volume": 100
								}
							]
						},
						{
							"pitches": [
								57
							],
							"points": [
								{
									"tick": 15,
									"pitchBend": 0,
									"volume": 100
								},
								{
									"tick": 18,
									"pitchBend": 0,
									"volume": 100
								}
							]
						},
						{
							"pitches": [
								60
							],
							"points": [
								{
									"tick": 18,
									"pitchBend": 0,
									"volume": 100
								},
								{
									"tick": 21,
									"pitchBend": 0,
									"volume": 100
								}
							]
						}
					]
				},
				{
					"notes": [
						{
							"pitches": [
								60
							],
							"points": [
								{
									"tick": 0,
									"pitchBend": 0,
									"volume": 100
								},
								{
									"tick": 3,
									"pitchBend": 0,
									"volume": 100
								}
							],
							"continuesLastPattern": false
						},
						{
							"pitches": [
								62
							],
							"points": [
								{
									"tick": 5,
									"pitchBend": 0,
									"volume": 100
								},
								{
									"tick": 6,
									"pitchBend": 0,
									"volume": 100
								}
							]
						},
						{
							"pitches": [
								60
							],
							"points": [
								{
									"tick": 6,
									"pitchBend": 0,
									"volume": 100
								},
								{
									"tick": 9,
									"pitchBend": 0,
									"volume": 100
								}
							]
						},
						{
							"pitches": [
								57
							],
							"points": [
								{
									"tick": 9,
									"pitchBend": 0,
									"volume": 100
								},
								{
									"tick": 12,
									"pitchBend": 0,
									"volume": 100
								}
							]
						},
						{
							"pitches": [
								55
							],
							"points": [
								{
									"tick": 12,
									"pitchBend": 0,
									"volume": 100
								},
								{
									"tick": 15,
									"pitchBend": 0,
									"volume": 100
								}
							]
						},
						{
							"pitches": [
								57
							],
							"points": [
								{
									"tick": 15,
									"pitchBend": 0,
									"volume": 100
								},
								{
									"tick": 18,
									"pitchBend": 0,
									"volume": 100
								}
							]
						},
						{
							"pitches": [
								52
							],
							"points": [
								{
									"tick": 18,
									"pitchBend": 0,
									"volume": 100
								},
								{
									"tick": 20,
									"pitchBend": 0,
									"volume": 100
								}
							]
						},
						{
							"pitches": [
								51
							],
							"points": [
								{
									"tick": 20,
									"pitchBend": 0,
									"volume": 100
								},
								{
									"tick": 22,
									"pitchBend": 0,
									"volume": 100
								}
							]
						},
						{
							"pitches": [
								50
							],
							"points": [
								{
									"tick": 22,
									"pitchBend": 0,
									"volume": 100
								},
								{
									"tick": 24,
									"pitchBend": 0,
									"volume": 100
								}
							]
						}
					]
				},
				{
					"notes": [
						{
							"pitches": [
								67
							],
							"points": [
								{
									"tick": 0,
									"pitchBend": 0,
									"volume": 100
								},
								{
									"tick": 2,
									"pitchBend": 0,
									"volume": 100
								}
							],
							"continuesLastPattern": false
						},
						{
							"pitches": [
								67
							],
							"points": [
								{
									"tick": 5,
									"pitchBend": 0,
									"volume": 100
								},
								{
									"tick": 6,
									"pitchBend": 0,
									"volume": 100
								}
							]
						},
						{
							"pitches": [
								67
							],
							"points": [
								{
									"tick": 6,
									"pitchBend": 0,
									"volume": 100
								},
								{
									"tick": 8,
									"pitchBend": 0,
									"volume": 100
								}
							]
						},
						{
							"pitches": [
								65
							],
							"points": [
								{
									"tick": 8,
									"pitchBend": 0,
									"volume": 100
								},
								{
									"tick": 11,
									"pitchBend": 0,
									"volume": 100
								}
							]
						},
						{
							"pitches": [
								62
							],
							"points": [
								{
									"tick": 11,
									"pitchBend": 0,
									"volume": 100
								},
								{
									"tick": 12,
									"pitchBend": 0,
									"volume": 100
								}
							]
						},
						{
							"pitches": [
								65
							],
							"points": [
								{
									"tick": 12,
									"pitchBend": 0,
									"volume": 100
								},
								{
									"tick": 15,
									"pitchBend": 0,
									"volume": 100
								}
							]
						},
						{
							"pitches": [
								67
							],
							"points": [
								{
									"tick": 15,
									"pitchBend": 0,
									"volume": 100
								},
								{
									"tick": 18,
									"pitchBend": 0,
									"volume": 100
								}
							]
						},
						{
							"pitches": [
								65
							],
							"points": [
								{
									"tick": 18,
									"pitchBend": 0,
									"volume": 100
								},
								{
									"tick": 21,
									"pitchBend": 0,
									"volume": 100
								}
							]
						}
					]
				},
				{
					"notes": [
						{
							"pitches": [
								64
							],
							"points": [
								{
									"tick": 0,
									"pitchBend": 0,
									"volume": 100
								},
								{
									"tick": 3,
									"pitchBend": 0,
									"volume": 100
								}
							],
							"continuesLastPattern": false
						},
						{
							"pitches": [
								63
							],
							"points": [
								{
									"tick": 5,
									"pitchBend": 0,
									"volume": 100
								},
								{
									"tick": 6,
									"pitchBend": 0,
									"volume": 100
								}
							]
						},
						{
							"pitches": [
								63
							],
							"points": [
								{
									"tick": 6,
									"pitchBend": 0,
									"volume": 100
								},
								{
									"tick": 8,
									"pitchBend": 0,
									"volume": 100
								}
							]
						},
						{
							"pitches": [
								62
							],
							"points": [
								{
									"tick": 8,
									"pitchBend": 0,
									"volume": 100
								},
								{
									"tick": 11,
									"pitchBend": 0,
									"volume": 100
								}
							]
						},
						{
							"pitches": [
								60
							],
							"points": [
								{
									"tick": 11,
									"pitchBend": 0,
									"volume": 100
								},
								{
									"tick": 12,
									"pitchBend": 0,
									"volume": 100
								}
							]
						},
						{
							"pitches": [
								64
							],
							"points": [
								{
									"tick": 12,
									"pitchBend": 0,
									"volume": 100
								},
								{
									"tick": 15,
									"pitchBend": 0,
									"volume": 100
								}
							]
						},
						{
							"pitches": [
								67
							],
							"points": [
								{
									"tick": 15,
									"pitchBend": 0,
									"volume": 100
								},
								{
									"tick": 18,
									"pitchBend": 0,
									"volume": 100
								}
							]
						},
						{
							"pitches": [
								63
							],
							"points": [
								{
									"tick": 18,
									"pitchBend": 0,
									"volume": 100
								},
								{
									"tick": 21,
									"pitchBend": 0,
									"volume": 100
								}
							]
						},
						{
							"pitches": [
								62
							],
							"points": [
								{
									"tick": 21,
									"pitchBend": 0,
									"volume": 100
								},
								{
									"tick": 24,
									"pitchBend": 0,
									"volume": 100
								}
							]
						}
					]
				},
				{
					"notes": [
						{
							"pitches": [
								60
							],
							"points": [
								{
									"tick": 0,
									"pitchBend": 0,
									"volume": 100
								},
								{
									"tick": 3,
									"pitchBend": 0,
									"volume": 100
								}
							],
							"continuesLastPattern": false
						},
						{
							"pitches": [
								62
							],
							"points": [
								{
									"tick": 5,
									"pitchBend": 0,
									"volume": 100
								},
								{
									"tick": 6,
									"pitchBend": 0,
									"volume": 100
								}
							]
						},
						{
							"pitches": [
								60
							],
							"points": [
								{
									"tick": 6,
									"pitchBend": 0,
									"volume": 100
								},
								{
									"tick": 9,
									"pitchBend": 0,
									"volume": 100
								}
							]
						},
						{
							"pitches": [
								57
							],
							"points": [
								{
									"tick": 9,
									"pitchBend": 0,
									"volume": 100
								},
								{
									"tick": 12,
									"pitchBend": 0,
									"volume": 100
								}
							]
						},
						{
							"pitches": [
								55
							],
							"points": [
								{
									"tick": 12,
									"pitchBend": 0,
									"volume": 100
								},
								{
									"tick": 15,
									"pitchBend": 0,
									"volume": 100
								}
							]
						},
						{
							"pitches": [
								57
							],
							"points": [
								{
									"tick": 15,
									"pitchBend": 0,
									"volume": 100
								},
								{
									"tick": 18,
									"pitchBend": 0,
									"volume": 100
								}
							]
						},
						{
							"pitches": [
								60
							],
							"points": [
								{
									"tick": 18,
									"pitchBend": 0,
									"volume": 100
								},
								{
									"tick": 21,
									"pitchBend": 0,
									"volume": 100
								}
							]
						}
					]
				},
				{
					"notes": []
				},
				{
					"notes": []
				},
				{
					"notes": []
				}
			],
			"sequence": [
				1,
				2,
				5,
				1,
				3,
				4,
				1,
				2,
				5,
				1,
				3,
				4,
				1,
				2,
				5,
				1,
				3,
				4,
				1,
				2,
				5,
				1,
				3,
				4
			],
			"octaveScrollBar": 3
		},
		{
			"type": "pitch",
			"instruments": [
				{
					"type": "FM",
					"volume": 20,
					"eqFilter": [],
					"preset": 387,
					"effects": [
						"chord type",
						"note filter",
						"reverb"
					],
					"chord": "strum",
					"noteFilter": [
						{
							"type": "low-pass",
							"cutoffHz": 3363.59,
							"linearGain": 0.5
						}
					],
					"reverb": 33,
					"fadeInSeconds": 0,
					"fadeOutTicks": 48,
					"algorithm": "1←(2 3←4)",
					"feedbackType": "2⟲",
					"feedbackAmplitude": 4,
					"operators": [
						{
							"frequency": "4×",
							"amplitude": 14
						},
						{
							"frequency": "1×",
							"amplitude": 10
						},
						{
							"frequency": "11×",
							"amplitude": 3
						},
						{
							"frequency": "1×",
							"amplitude": 11
						}
					],
					"envelopes": [
						{
							"target": "noteFilterAllFreqs",
							"envelope": "twang 2"
						},
						{
							"target": "operatorAmplitude",
							"envelope": "twang 3",
							"index": 2
						}
					]
				}
			],
			"patterns": [
				{
					"notes": [
						{
							"pitches": [
								36
							],
							"points": [
								{
									"tick": 0,
									"pitchBend": 0,
									"volume": 100
								},
								{
									"tick": 2,
									"pitchBend": 0,
									"volume": 100
								}
							],
							"continuesLastPattern": false
						},
						{
							"pitches": [
								40
							],
							"points": [
								{
									"tick": 2,
									"pitchBend": 0,
									"volume": 100
								},
								{
									"tick": 3,
									"pitchBend": 0,
									"volume": 100
								}
							]
						},
						{
							"pitches": [
								43
							],
							"points": [
								{
									"tick": 3,
									"pitchBend": 0,
									"volume": 100
								},
								{
									"tick": 5,
									"pitchBend": 0,
									"volume": 100
								}
							]
						},
						{
							"pitches": [
								40
							],
							"points": [
								{
									"tick": 5,
									"pitchBend": 0,
									"volume": 100
								},
								{
									"tick": 6,
									"pitchBend": 0,
									"volume": 100
								}
							]
						},
						{
							"pitches": [
								36
							],
							"points": [
								{
									"tick": 6,
									"pitchBend": 0,
									"volume": 100
								},
								{
									"tick": 8,
									"pitchBend": 0,
									"volume": 100
								}
							]
						},
						{
							"pitches": [
								40
							],
							"points": [
								{
									"tick": 8,
									"pitchBend": 0,
									"volume": 100
								},
								{
									"tick": 9,
									"pitchBend": 0,
									"volume": 100
								}
							]
						},
						{
							"pitches": [
								43
							],
							"points": [
								{
									"tick": 9,
									"pitchBend": 0,
									"volume": 100
								},
								{
									"tick": 11,
									"pitchBend": 0,
									"volume": 100
								}
							]
						},
						{
							"pitches": [
								40
							],
							"points": [
								{
									"tick": 11,
									"pitchBend": 0,
									"volume": 100
								},
								{
									"tick": 12,
									"pitchBend": 0,
									"volume": 100
								}
							]
						},
						{
							"pitches": [
								36
							],
							"points": [
								{
									"tick": 12,
									"pitchBend": 0,
									"volume": 100
								},
								{
									"tick": 14,
									"pitchBend": 0,
									"volume": 100
								}
							]
						},
						{
							"pitches": [
								40
							],
							"points": [
								{
									"tick": 14,
									"pitchBend": 0,
									"volume": 100
								},
								{
									"tick": 15,
									"pitchBend": 0,
									"volume": 100
								}
							]
						},
						{
							"pitches": [
								43
							],
							"points": [
								{
									"tick": 15,
									"pitchBend": 0,
									"volume": 100
								},
								{
									"tick": 17,
									"pitchBend": 0,
									"volume": 100
								}
							]
						},
						{
							"pitches": [
								40
							],
							"points": [
								{
									"tick": 17,
									"pitchBend": 0,
									"volume": 100
								},
								{
									"tick": 18,
									"pitchBend": 0,
									"volume": 100
								}
							]
						},
						{
							"pitches": [
								36
							],
							"points": [
								{
									"tick": 18,
									"pitchBend": 0,
									"volume": 100
								},
								{
									"tick": 20,
									"pitchBend": 0,
									"volume": 100
								}
							]
						},
						{
							"pitches": [
								40
							],
							"points": [
								{
									"tick": 20,
									"pitchBend": 0,
									"volume": 100
								},
								{
									"tick": 21,
									"pitchBend": 0,
									"volume": 100
								}
							]
						},
						{
							"pitches": [
								43
							],
							"points": [
								{
									"tick": 21,
									"pitchBend": 0,
									"volume": 100
								},
								{
									"tick": 23,
									"pitchBend": 0,
									"volume": 100
								}
							]
						},
						{
							"pitches": [
								40
							],
							"points": [
								{
									"tick": 23,
									"pitchBend": 0,
									"volume": 100
								},
								{
									"tick": 24,
									"pitchBend": 0,
									"volume": 100
								}
							]
						}
					]
				},
				{
					"notes": [
						{
							"pitches": [
								41
							],
							"points": [
								{
									"tick": 0,
									"pitchBend": 0,
									"volume": 100
								},
								{
									"tick": 2,
									"pitchBend": 0,
									"volume": 100
								}
							],
							"continuesLastPattern": false
						},
						{
							"pitches": [
								45
							],
							"points": [
								{
									"tick": 2,
									"pitchBend": 0,
									"volume": 100
								},
								{
									"tick": 3,
									"pitchBend": 0,
									"volume": 100
								}
							]
						},
						{
							"pitches": [
								48
							],
							"points": [
								{
									"tick": 3,
									"pitchBend": 0,
									"volume": 100
								},
								{
									"tick": 5,
									"pitchBend": 0,
									"volume": 100
								}
							]
						},
						{
							"pitches": [
								45
							],
							"points": [
								{
									"tick": 5,
									"pitchBend": 0,
									"volume": 100
								},
								{
									"tick": 6,
									"pitchBend": 0,
									"volume": 100
								}
							]
						},
						{
							"pitches": [
								41
							],
							"points": [
								{
									"tick": 6,
									"pitchBend": 0,
									"volume": 100
								},
								{
									"tick": 8,
									"pitchBend": 0,
									"volume": 100
								}
							]
						},
						{
							"pitches": [
								45
							],
							"points": [
								{
									"tick": 8,
									"pitchBend": 0,
									"volume": 100
								},
								{
									"tick": 9,
									"pitchBend": 0,
									"volume": 100
								}
							]
						},
						{
							"pitches": [
								48
							],
							"points": [
								{
									"tick": 9,
									"pitchBend": 0,
									"volume": 100
								},
								{
									"tick": 11,
									"pitchBend": 0,
									"volume": 100
								}
							]
						},
						{
							"pitches": [
								45
							],
							"points": [
								{
									"tick": 11,
									"pitchBend": 0,
									"volume": 100
								},
								{
									"tick": 12,
									"pitchBend": 0,
									"volume": 100
								}
							]
						},
						{
							"pitches": [
								41
							],
							"points": [
								{
									"tick": 12,
									"pitchBend": 0,
									"volume": 100
								},
								{
									"tick": 14,
									"pitchBend": 0,
									"volume": 100
								}
							]
						},
						{
							"pitches": [
								45
							],
							"points": [
								{
									"tick": 14,
									"pitchBend": 0,
									"volume": 100
								},
								{
									"tick": 15,
									"pitchBend": 0,
									"volume": 100
								}
							]
						},
						{
							"pitches": [
								48
							],
							"points": [
								{
									"tick": 15,
									"pitchBend": 0,
									"volume": 100
								},
								{
									"tick": 17,
									"pitchBend": 0,
									"volume": 100
								}
							]
						},
						{
							"pitches": [
								45
							],
							"points": [
								{
									"tick": 17,
									"pitchBend": 0,
									"volume": 100
								},
								{
									"tick": 18,
									"pitchBend": 0,
									"volume": 100
								}
							]
						},
						{
							"pitches": [
								41
							],
							"points": [
								{
									"tick": 18,
									"pitchBend": 0,
									"volume": 100
								},
								{
									"tick": 20,
									"pitchBend": 0,
									"volume": 100
								}
							]
						},
						{
							"pitches": [
								45
							],
							"points": [
								{
									"tick": 20,
									"pitchBend": 0,
									"volume": 100
								},
								{
									"tick": 21,
									"pitchBend": 0,
									"volume": 100
								}
							]
						},
						{
							"pitches": [
								48
							],
							"points": [
								{
									"tick": 21,
									"pitchBend": 0,
									"volume": 100
								},
								{
									"tick": 23,
									"pitchBend": 0,
									"volume": 100
								}
							]
						},
						{
							"pitches": [
								45
							],
							"points": [
								{
									"tick": 23,
									"pitchBend": 0,
									"volume": 100
								},
								{
									"tick": 24,
									"pitchBend": 0,
									"volume": 100
								}
							]
						}
					]
				},
				{
					"notes": [
						{
							"pitches": [
								43
							],
							"points": [
								{
									"tick": 0,
									"pitchBend": 0,
									"volume": 100
								},
								{
									"tick": 2,
									"pitchBend": 0,
									"volume": 100
								}
							],
							"continuesLastPattern": false
						},
						{
							"pitches": [
								47
							],
							"points": [
								{
									"tick": 2,
									"pitchBend": 0,
									"volume": 100
								},
								{
									"tick": 3,
									"pitchBend": 0,
									"volume": 100
								}
							]
						},
						{
							"pitches": [
								50
							],
							"points": [
								{
									"tick": 3,
									"pitchBend": 0,
									"volume": 100
								},
								{
									"tick": 5,
									"pitchBend": 0,
									"volume": 100
								}
							]
						},
						{
							"pitches": [
								47
							],
							"points": [
								{
									"tick": 5,
									"pitchBend": 0,
									"volume": 100
								},
								{
									"tick": 6,
									"pitchBend": 0,
									"volume": 100
								}
							]
						},
						{
							"pitches": [
								43
							],
							"points": [
								{
									"tick": 6,
									"pitchBend": 0,
									"volume": 100
								},
								{
									"tick": 8,
									"pitchBend": 0,
									"volume": 100
								}
							]
						},
						{
							"pitches": [
								47
							],
							"points": [
								{
									"tick": 8,
									"pitchBend": 0,
									"volume": 100
								},
								{
									"tick": 9,
									"pitchBend": 0,
									"volume": 100
								}
							]
						},
						{
							"pitches": [
								50
							],
							"points": [
								{
									"tick": 9,
									"pitchBend": 0,
									"volume": 100
								},
								{
									"tick": 11,
									"pitchBend": 0,
									"volume": 100
								}
							]
						},
						{
							"pitches": [
								47
							],
							"points": [
								{
									"tick": 11,
									"pitchBend": 0,
									"volume": 100
								},
								{
									"tick": 12,
									"pitchBend": 0,
									"volume": 100
								}
							]
						},
						{
							"pitches": [
								43
							],
							"points": [
								{
									"tick": 12,
									"pitchBend": 0,
									"volume": 100
								},
								{
									"tick": 14,
									"pitchBend": 0,
									"volume": 100
								}
							]
						},
						{
							"pitches": [
								47
							],
							"points": [
								{
									"tick": 14,
									"pitchBend": 0,
									"volume": 100
								},
								{
									"tick": 15,
									"pitchBend": 0,
									"volume": 100
								}
							]
						},
						{
							"pitches": [
								50
							],
							"points": [
								{
									"tick": 15,
									"pitchBend": 0,
									"volume": 100
								},
								{
									"tick": 17,
									"pitchBend": 0,
									"volume": 100
								}
							]
						},
						{
							"pitches": [
								47
							],
							"points": [
								{
									"tick": 17,
									"pitchBend": 0,
									"volume": 100
								},
								{
									"tick": 18,
									"pitchBend": 0,
									"volume": 100
								}
							]
						},
						{
							"pitches": [
								43
							],
							"points": [
								{
									"tick": 18,
									"pitchBend": 0,
									"volume": 100
								},
								{
									"tick": 20,
									"pitchBend": 0,
									"volume": 100
								}
							]
						},
						{
							"pitches": [
								47
							],
							"points": [
								{
									"tick": 20,
									"pitchBend": 0,
									"volume": 100
								},
								{
									"tick": 21,
									"pitchBend": 0,
									"volume": 100
								}
							]
						},
						{
							"pitches": [
								50
							],
							"points": [
								{
									"tick": 21,
									"pitchBend": 0,
									"volume": 100
								},
								{
									"tick": 23,
									"pitchBend": 0,
									"volume": 100
								}
							]
						},
						{
							"pitches": [
								47
							],
							"points": [
								{
									"tick": 23,
									"pitchBend": 0,
									"volume": 100
								},
								{
									"tick": 24,
									"pitchBend": 0,
									"volume": 100
								}
							]
						}
					]
				},
				{
					"notes": []
				},
				{
					"notes": []
				},
				{
					"notes": []
				},
				{
					"notes": []
				},
				{
					"notes": []
				}
			],
			"sequence": [
				1,
				1,
				2,
				1,
				3,
				2,
				1,
				1,
				2,
				1,
				3,
				2,
				1,
				1,
				2,
				1,
				3,
				2,
				1,
				1,
				2,
				1,
				3,
				2
			],
			"octaveScrollBar": 2
		},
		{
			"type": "pitch",
			"instruments": [
				{
					"type": "FM",
					"volume": 80,
					"eqFilter": [
						{
							"type": "low-pass",
							"cutoffHz": 5656.85,
							"linearGain": 2.8284
						}
					],
					"preset": 839,
					"effects": [
						"chorus",
						"reverb"
					],
					"chorus": 100,
					"reverb": 33,
					"fadeInSeconds": 0.0413,
					"fadeOutTicks": 6,
					"algorithm": "1 2 3 4",
					"feedbackType": "1⟲ 2⟲ 3⟲ 4⟲",
					"feedbackAmplitude": 7,
					"operators": [
						{
							"frequency": "1×",
							"amplitude": 15
						},
						{
							"frequency": "3×",
							"amplitude": 4
						},
						{
							"frequency": "6×",
							"amplitude": 2
						},
						{
							"frequency": "11×",
							"amplitude": 2
						}
					],
					"envelopes": [
						{
							"target": "feedbackAmplitude",
							"envelope": "twang 1"
						}
					]
				}
			],
			"patterns": [
				{
					"notes": [
						{
							"pitches": [
								24
							],
							"points": [
								{
									"tick": 0,
									"pitchBend": 0,
									"volume": 100
								},
								{
									"tick": 1,
									"pitchBend": 0,
									"volume": 100
								}
							],
							"continuesLastPattern": false
						},
						{
							"pitches": [
								36
							],
							"points": [
								{
									"tick": 3,
									"pitchBend": 0,
									"volume": 100
								},
								{
									"tick": 4,
									"pitchBend": 0,
									"volume": 100
								}
							]
						},
						{
							"pitches": [
								24
							],
							"points": [
								{
									"tick": 6,
									"pitchBend": 0,
									"volume": 100
								},
								{
									"tick": 7,
									"pitchBend": 0,
									"volume": 100
								}
							]
						},
						{
							"pitches": [
								36
							],
							"points": [
								{
									"tick": 9,
									"pitchBend": 0,
									"volume": 100
								},
								{
									"tick": 10,
									"pitchBend": 0,
									"volume": 100
								}
							]
						},
						{
							"pitches": [
								24
							],
							"points": [
								{
									"tick": 12,
									"pitchBend": 0,
									"volume": 100
								},
								{
									"tick": 13,
									"pitchBend": 0,
									"volume": 100
								}
							]
						},
						{
							"pitches": [
								36
							],
							"points": [
								{
									"tick": 15,
									"pitchBend": 0,
									"volume": 100
								},
								{
									"tick": 16,
									"pitchBend": 0,
									"volume": 100
								}
							]
						},
						{
							"pitches": [
								24
							],
							"points": [
								{
									"tick": 18,
									"pitchBend": 0,
									"volume": 100
								},
								{
									"tick": 19,
									"pitchBend": 0,
									"volume": 100
								}
							]
						},
						{
							"pitches": [
								36
							],
							"points": [
								{
									"tick": 21,
									"pitchBend": 0,
									"volume": 100
								},
								{
									"tick": 22,
									"pitchBend": 0,
									"volume": 100
								}
							]
						}
					]
				},
				{
					"notes": [
						{
							"pitches": [
								29
							],
							"points": [
								{
									"tick": 0,
									"pitchBend": 0,
									"volume": 100
								},
								{
									"tick": 1,
									"pitchBend": 0,
									"volume": 100
								}
							],
							"continuesLastPattern": false
						},
						{
							"pitches": [
								41
							],
							"points": [
								{
									"tick": 3,
									"pitchBend": 0,
									"volume": 100
								},
								{
									"tick": 4,
									"pitchBend": 0,
									"volume": 100
								}
							]
						},
						{
							"pitches": [
								29
							],
							"points": [
								{
									"tick": 6,
									"pitchBend": 0,
									"volume": 100
								},
								{
									"tick": 7,
									"pitchBend": 0,
									"volume": 100
								}
							]
						},
						{
							"pitches": [
								41
							],
							"points": [
								{
									"tick": 9,
									"pitchBend": 0,
									"volume": 100
								},
								{
									"tick": 10,
									"pitchBend": 0,
									"volume": 100
								}
							]
						},
						{
							"pitches": [
								29
							],
							"points": [
								{
									"tick": 12,
									"pitchBend": 0,
									"volume": 100
								},
								{
									"tick": 13,
									"pitchBend": 0,
									"volume": 100
								}
							]
						},
						{
							"pitches": [
								41
							],
							"points": [
								{
									"tick": 15,
									"pitchBend": 0,
									"volume": 100
								},
								{
									"tick": 16,
									"pitchBend": 0,
									"volume": 100
								}
							]
						},
						{
							"pitches": [
								29
							],
							"points": [
								{
									"tick": 18,
									"pitchBend": 0,
									"volume": 100
								},
								{
									"tick": 19,
									"pitchBend": 0,
									"volume": 100
								}
							]
						},
						{
							"pitches": [
								41
							],
							"points": [
								{
									"tick": 21,
									"pitchBend": 0,
									"volume": 100
								},
								{
									"tick": 22,
									"pitchBend": 0,
									"volume": 100
								}
							]
						}
					]
				},
				{
					"notes": [
						{
							"pitches": [
								31
							],
							"points": [
								{
									"tick": 0,
									"pitchBend": 0,
									"volume": 100
								},
								{
									"tick": 1,
									"pitchBend": 0,
									"volume": 100
								}
							],
							"continuesLastPattern": false
						},
						{
							"pitches": [
								43
							],
							"points": [
								{
									"tick": 3,
									"pitchBend": 0,
									"volume": 100
								},
								{
									"tick": 4,
									"pitchBend": 0,
									"volume": 100
								}
							]
						},
						{
							"pitches": [
								31
							],
							"points": [
								{
									"tick": 6,
									"pitchBend": 0,
									"volume": 100
								},
								{
									"tick": 7,
									"pitchBend": 0,
									"volume": 100
								}
							]
						},
						{
							"pitches": [
								43
							],
							"points": [
								{
									"tick": 9,
									"pitchBend": 0,
									"volume": 100
								},
								{
									"tick": 10,
									"pitchBend": 0,
									"volume": 100
								}
							]
						},
						{
							"pitches": [
								31
							],
							"points": [
								{
									"tick": 12,
									"pitchBend": 0,
									"volume": 100
								},
								{
									"tick": 13,
									"pitchBend": 0,
									"volume": 100
								}
							]
						},
						{
							"pitches": [
								43
							],
							"points": [
								{
									"tick": 15,
									"pitchBend": 0,
									"volume": 100
								},
								{
									"tick": 16,
									"pitchBend": 0,
									"volume": 100
								}
							]
						},
						{
							"pitches": [
								31
							],
							"points": [
								{
									"tick": 18,
									"pitchBend": 0,
									"volume": 100
								},
								{
									"tick": 19,
									"pitchBend": 0,
									"volume": 100
								}
							]
						},
						{
							"pitches": [
								43
							],
							"points": [
								{
									"tick": 21,
									"pitchBend": 0,
									"volume": 100
								},
								{
									"tick": 22,
									"pitchBend": 0,
									"volume": 100
								}
							]
						}
					]
				},
				{
					"notes": []
				},
				{
					"notes": []
				},
				{
					"notes": []
				},
				{
					"notes": []
				},
				{
					"notes": []
				}
			],
			"sequence": [
				1,
				1,
				2,
				1,
				3,
				2,
				1,
				1,
				2,
				1,
				3,
				2,
				1,
				1,
				2,
				1,
				3,
				2,
				1,
				1,
				2,
				1,
				3,
				2
			],
			"octaveScrollBar": 1
		},
		{
			"type": "drum",
			"instruments": [
				{
					"type": "spectrum",
					"volume": 80,
					"eqFilter": [],
					"preset": 965,
					"effects": [
						"chord type",
						"note filter",
						"reverb"
					],
					"chord": "strum",
					"noteFilter": [
						{
							"type": "low-pass",
							"cutoffHz": 3363.59,
							"linearGain": 0.5
						}
					],
					"reverb": 33,
					"fadeInSeconds": 0,
					"fadeOutTicks": 48,
					"spectrum": [
						0,
						14,
						29,
						43,
						43,
						57,
						86,
						86,
						71,
						57,
						57,
						43,
						43,
						57,
						86,
						86,
						43,
						43,
						71,
						57,
						57,
						57,
						57,
						57,
						86,
						86,
						71,
						71,
						71,
						71
					],
					"envelopes": [
						{
							"target": "noteFilterAllFreqs",
							"envelope": "twang 1"
						}
					]
				}
			],
			"patterns": [
				{
					"notes": [
						{
							"pitches": [
								9,
								8
							],
							"points": [
								{
									"tick": 0,
									"pitchBend": 0,
									"volume": 100
								},
								{
									"tick": 1,
									"pitchBend": 0,
									"volume": 0
								}
							],
							"continuesLastPattern": false
						},
						{
							"pitches": [
								9,
								8
							],
							"points": [
								{
									"tick": 2,
									"pitchBend": 0,
									"volume": 100
								},
								{
									"tick": 3,
									"pitchBend": 0,
									"volume": 0
								}
							]
						},
						{
							"pitches": [
								11,
								10
							],
							"points": [
								{
									"tick": 3,
									"pitchBend": 0,
									"volume": 100
								},
								{
									"tick": 4,
									"pitchBend": 0,
									"volume": 0
								}
							]
						},
						{
							"pitches": [
								11,
								10
							],
							"points": [
								{
									"tick": 5,
									"pitchBend": 0,
									"volume": 100
								},
								{
									"tick": 6,
									"pitchBend": 0,
									"volume": 0
								}
							]
						},
						{
							"pitches": [
								9,
								8
							],
							"points": [
								{
									"tick": 6,
									"pitchBend": 0,
									"volume": 100
								},
								{
									"tick": 7,
									"pitchBend": 0,
									"volume": 0
								}
							]
						},
						{
							"pitches": [
								9,
								8
							],
							"points": [
								{
									"tick": 8,
									"pitchBend": 0,
									"volume": 100
								},
								{
									"tick": 9,
									"pitchBend": 0,
									"volume": 0
								}
							]
						},
						{
							"pitches": [
								11,
								10
							],
							"points": [
								{
									"tick": 9,
									"pitchBend": 0,
									"volume": 100
								},
								{
									"tick": 10,
									"pitchBend": 0,
									"volume": 0
								}
							]
						},
						{
							"pitches": [
								11,
								10
							],
							"points": [
								{
									"tick": 11,
									"pitchBend": 0,
									"volume": 100
								},
								{
									"tick": 12,
									"pitchBend": 0,
									"volume": 0
								}
							]
						},
						{
							"pitches": [
								9,
								8
							],
							"points": [
								{
									"tick": 12,
									"pitchBend": 0,
									"volume": 100
								},
								{
									"tick": 13,
									"pitchBend": 0,
									"volume": 0
								}
							]
						},
						{
							"pitches": [
								9,
								8
							],
							"points": [
								{
									"tick": 14,
									"pitchBend": 0,
									"volume": 100
								},
								{
									"tick": 15,
									"pitchBend": 0,
									"volume": 0
								}
							]
						},
						{
							"pitches": [
								11,
								10
							],
							"points": [
								{
									"tick": 15,
									"pitchBend": 0,
									"volume": 100
								},
								{
									"tick": 16,
									"pitchBend": 0,
									"volume": 0
								}
							]
						},
						{
							"pitches": [
								11,
								10
							],
							"points": [
								{
									"tick": 17,
									"pitchBend": 0,
									"volume": 100
								},
								{
									"tick": 18,
									"pitchBend": 0,
									"volume": 0
								}
							]
						},
						{
							"pitches": [
								9,
								8
							],
							"points": [
								{
									"tick": 18,
									"pitchBend": 0,
									"volume": 100
								},
								{
									"tick": 19,
									"pitchBend": 0,
									"volume": 0
								}
							]
						},
						{
							"pitches": [
								9,
								8
							],
							"points": [
								{
									"tick": 20,
									"pitchBend": 0,
									"volume": 100
								},
								{
									"tick": 21,
									"pitchBend": 0,
									"volume": 0
								}
							]
						},
						{
							"pitches": [
								11,
								10
							],
							"points": [
								{
									"tick": 21,
									"pitchBend": 0,
									"volume": 100
								},
								{
									"tick": 22,
									"pitchBend": 0,
									"volume": 0
								}
							]
						},
						{
							"pitches": [
								11,
								10
							],
							"points": [
								{
									"tick": 23,
									"pitchBend": 0,
									"volume": 100
								},
								{
									"tick": 24,
									"pitchBend": 0,
									"volume": 0
								}
							]
						}
					]
				},
				{
					"notes": []
				},
				{
					"notes": []
				},
				{
					"notes": []
				},
				{
					"notes": []
				},
				{
					"notes": []
				},
				{
					"notes": []
				},
				{
					"notes": []
				}
			],
			"sequence": [
				1,
				1,
				1,
				1,
				1,
				1,
				1,
				1,
				1,
				1,
				1,
				1,
				1,
				1,
				1,
				1,
				1,
				1,
				1,
				1,
				1,
				1,
				1,
				1
			]
		}
	]
}